adsh,tag,version,ddate,qtrs,uom,dimh,iprx,value,footnote,footlen,dimn,coreg,durp,datp,dcml
0000002969-26-000008,AccountsPayableAndAccruedLiabilitiesCurrent,us-gaap/2025,20250930,0,USD,0x00000000,0,3237700000.0,,0,0,,0.0,0.0,-5
0000002969-26-000008,AccountsPayableAndAccruedLiabilitiesCurrent,us-gaap/2025,20250930,0,USD,0xcd723312df0be144c67d81ba6f7cfb7d,0,201700000.0,,0,2,,0.0,0.0,-5
0000002969-26-000008,AccountsPayableAndAccruedLiabilitiesCurrent,us-gaap/2025,20251231,0,USD,0x00000000,0,3035300000.0,,0,0,,0.0,0.0,-5
0000002969-26-000008,AccountsPayableAndAccruedLiabilitiesCurrent,us-gaap/2025,20251231,0,USD,0xcd723312df0be144c67d81ba6f7cfb7d,0,201100000.0,,0,2,,0.0,0.0,-5
0000002969-26-000008,AccountsReceivableNetCurrent,us-gaap/2025,20250930,0,USD,0x00000000,0,1901200000.0,,0,0,,0.0,0.0,-5
0000002969-26-000008,AccountsReceivableNetCurrent,us-gaap/2025,20250930,0,USD,0x925220d2d88cfa5035259ecd112c0769,0,105000000.0,,0,1,,0.0,0.0,-6
0000002969-26-000008,AccountsReceivableNetCurrent,us-gaap/2025,20250930,0,USD,0xcd723312df0be144c67d81ba6f7cfb7d,0,1100000.0,,0,2,,0.0,0.0,-5
0000002969-26-000008,AccountsReceivableNetCurrent,us-gaap/2025,20251231,0,USD,0x00000000,0,1894900000.0,,0,0,,0.0,0.0,-5
0000002969-26-000008,AccountsReceivableNetCurrent,us-gaap/2025,20251231,0,USD,0x925220d2d88cfa5035259ecd112c0769,0,160000000.0,,0,1,,0.0,0.0,-6
0000002969-26-000008,AccountsReceivableNetCurrent,us-gaap/2025,20251231,0,USD,0xcd723312df0be144c67d81ba6f7cfb7d,0,1400000.0,,0,2,,0.0,0.0,-5
0000002969-26-000008,AccrualForEnvironmentalLossContingencies,us-gaap/2025,20060930,0,USD,0x956e88305d498b95655c580bb73f8a63,0,42000000.0,,0,1,,0.0,0.0,-6
0000002969-26-000008,AccrualForEnvironmentalLossContingencies,us-gaap/2025,20080930,0,USD,0x1769af54d1bdfc25b287a25395a06dd1,0,24000000.0,,0,1,,0.0,0.0,-6
0000002969-26-000008,AccrualForEnvironmentalLossContingencies,us-gaap/2025,20250930,0,USD,0x3d7f855a0f989cd3f89a6c13c1c02a25,0,85600000.0,,0,1,,0.0,0.0,-5
0000002969-26-000008,AccrualForEnvironmentalLossContingencies,us-gaap/2025,20251231,0,USD,0x1769af54d1bdfc25b287a25395a06dd1,0,10000000.0,,0,1,,0.0,0.0,-5
0000002969-26-000008,AccrualForEnvironmentalLossContingencies,us-gaap/2025,20251231,0,USD,0x3d7f855a0f989cd3f89a6c13c1c02a25,0,85100000.0,,0,1,,0.0,0.0,-5
0000002969-26-000008,AccrualForEnvironmentalLossContingencies,us-gaap/2025,20251231,0,USD,0x956e88305d498b95655c580bb73f8a63,0,53400000.0,,0,1,,0.0,0.0,-5
0000002969-26-000008,AccrualForEnvironmentalLossContingencies,us-gaap/2025,20251231,0,USD,0xec5c71af01562382a7e00261a5d0584b,0,9700000.0,,0,1,,0.0,0.0,-5
0000002969-26-000008,AccrualForEnvironmentalLossContingenciesIncreaseDecreaseForRevisionInEstimates,us-gaap/2025,20200930,4,USD,0x956e88305d498b95655c580bb73f8a63,0,19000000.0,,0,1,,0.0,0.0,-6
0000002969-26-000008,AccrualForEnvironmentalLossContingenciesIncreaseDecreaseForRevisionInEstimates,us-gaap/2025,20240930,4,USD,0x956e88305d498b95655c580bb73f8a63,0,19000000.0,,0,1,,0.0,0.0,-6
0000002969-26-000008,AccrualForEnvironmentalLossContingenciesIncreaseDecreaseForRevisionInEstimates,us-gaap/2025,20250630,1,USD,0x1769af54d1bdfc25b287a25395a06dd1,0,9000000.0,,0,1,,0.013698995,0.0,-6
0000002969-26-000008,AccruedIncomeTaxesCurrent,us-gaap/2025,20250930,0,USD,0x00000000,0,179400000.0,,0,0,,0.0,0.0,-5
0000002969-26-000008,AccruedIncomeTaxesCurrent,us-gaap/2025,20250930,0,USD,0xcd723312df0be144c67d81ba6f7cfb7d,0,1200000.0,,0,2,,0.0,0.0,-5
0000002969-26-000008,AccruedIncomeTaxesCurrent,us-gaap/2025,20251231,0,USD,0x00000000,0,174500000.0,,0,0,,0.0,0.0,-5
0000002969-26-000008,AccruedIncomeTaxesCurrent,us-gaap/2025,20251231,0,USD,0xcd723312df0be144c67d81ba6f7cfb7d,0,3000000.0,,0,2,,0.0,0.0,-5
0000002969-26-000008,AccumulatedDepreciationDepletionAndAmortizationPropertyPlantAndEquipment,us-gaap/2025,20250930,0,USD,0x00000000,0,17417000000.0,,0,0,,0.0,0.0,-5
0000002969-26-000008,AccumulatedDepreciationDepletionAndAmortizationPropertyPlantAndEquipment,us-gaap/2025,20251231,0,USD,0x00000000,0,17643100000.0,,0,0,,0.0,0.0,-5
0000002969-26-000008,AccumulatedOtherComprehensiveIncomeLossNetOfTax,us-gaap/2025,20250930,0,USD,0x00000000,0,-2087800000.0,,0,0,,0.0,0.0,-5
0000002969-26-000008,AccumulatedOtherComprehensiveIncomeLossNetOfTax,us-gaap/2025,20250930,0,USD,0xcd723312df0be144c67d81ba6f7cfb7d,0,38300000.0,,0,2,,0.0,0.0,-5
0000002969-26-000008,AccumulatedOtherComprehensiveIncomeLossNetOfTax,us-gaap/2025,20251231,0,USD,0x00000000,0,-1977100000.0,,0,0,,0.0,0.0,-5
0000002969-26-000008,AccumulatedOtherComprehensiveIncomeLossNetOfTax,us-gaap/2025,20251231,0,USD,0xcd723312df0be144c67d81ba6f7cfb7d,0,48800000.0,,0,2,,0.0,0.0,-5
0000002969-26-000008,AdditionalCollateralAggregateFairValue,us-gaap/2025,20250930,0,USD,0x00000000,0,174000000.0,,0,0,,0.0,0.0,-5
0000002969-26-000008,AdditionalCollateralAggregateFairValue,us-gaap/2025,20251231,0,USD,0x00000000,0,225800000.0,,0,0,,0.0,0.0,-5
0000002969-26-000008,AdditionalPaidInCapitalCommonStock,us-gaap/2025,20250930,0,USD,0x00000000,0,1306500000.0,,0,0,,0.0,0.0,-5
0000002969-26-000008,AdditionalPaidInCapitalCommonStock,us-gaap/2025,20251231,0,USD,0x00000000,0,1305600000.0,,0,0,,0.0,0.0,-5
0000002969-26-000008,AdjustmentsToAdditionalPaidInCapitalSharebasedCompensationRequisiteServicePeriodRecognitionValue,us-gaap/2025,20241231,1,USD,0x00000000,0,14300000.0,,0,0,,0.0027400255,0.0,-5
0000002969-26-000008,AdjustmentsToAdditionalPaidInCapitalSharebasedCompensationRequisiteServicePeriodRecognitionValue,us-gaap/2025,20241231,1,USD,0x03b6dd82aa1f7fd74401d4b34f93b482,0,14300000.0,,0,1,,0.0027400255,0.0,-5
0000002969-26-000008,AdjustmentsToAdditionalPaidInCapitalSharebasedCompensationRequisiteServicePeriodRecognitionValue,us-gaap/2025,20241231,1,USD,0x09e42e23e93013498ba4d70bc7c1e350,0,14300000.0,,0,1,,0.0027400255,0.0,-5
0000002969-26-000008,AdjustmentsToAdditionalPaidInCapitalSharebasedCompensationRequisiteServicePeriodRecognitionValue,us-gaap/2025,20251231,1,USD,0x00000000,0,10500000.0,,0,0,,0.0027400255,0.0,-5
0000002969-26-000008,AdjustmentsToAdditionalPaidInCapitalSharebasedCompensationRequisiteServicePeriodRecognitionValue,us-gaap/2025,20251231,1,USD,0x03b6dd82aa1f7fd74401d4b34f93b482,0,10500000.0,,0,1,,0.0027400255,0.0,-5
0000002969-26-000008,AdjustmentsToAdditionalPaidInCapitalSharebasedCompensationRequisiteServicePeriodRecognitionValue,us-gaap/2025,20251231,1,USD,0x09e42e23e93013498ba4d70bc7c1e350,0,10500000.0,,0,1,,0.0027400255,0.0,-5
0000002969-26-000008,AllocatedShareBasedCompensationExpense,us-gaap/2025,20241231,1,USD,0x00000000,0,16500000.0,,0,0,,0.0027400255,0.0,-5
0000002969-26-000008,AllocatedShareBasedCompensationExpense,us-gaap/2025,20251231,1,USD,0x00000000,0,10300000.0,,0,0,,0.0027400255,0.0,-5
0000002969-26-000008,AllocatedShareBasedCompensationExpenseNetOfTax,us-gaap/2025,20241231,1,USD,0x00000000,0,12500000.0,,0,0,,0.0027400255,0.0,-5
0000002969-26-000008,AllocatedShareBasedCompensationExpenseNetOfTax,us-gaap/2025,20251231,1,USD,0x00000000,0,7900000.0,,0,0,,0.0027400255,0.0,-5
0000002969-26-000008,AmountOfExpectedDebtFundingPercent,0000002969-26-000008,20251231,0,pure,0x8b5a951166f64744f4af198f621da2c7,0,0.73,,0,4,,0.0,0.0,2
0000002969-26-000008,AntidilutiveSecuritiesExcludedFromComputationOfEarningsPerShareAmount,us-gaap/2025,20241231,1,shares,0x00000000,0,100000.0,,0,0,,0.0027400255,0.0,-5
0000002969-26-000008,AntidilutiveSecuritiesExcludedFromComputationOfEarningsPerShareAmount,us-gaap/2025,20251231,1,shares,0x00000000,0,100000.0,,0,0,,0.0027400255,0.0,-5
0000002969-26-000008,Assets,us-gaap/2025,20250930,0,USD,0x00000000,0,41059500000.0,,0,0,,0.0,0.0,-5
0000002969-26-000008,Assets,us-gaap/2025,20250930,0,USD,0x36df4e7b2d8280f9c66c37d201764c83,0,6916800000.0,,0,2,,0.0,0.0,-5
0000002969-26-000008,Assets,us-gaap/2025,20250930,0,USD,0x5c5ad047cc86e029db940a5bb4f43886,0,10919400000.0,,0,2,,0.0,0.0,-5
0000002969-26-000008,Assets,us-gaap/2025,20250930,0,USD,0x66e7ae470cc95e613d8d710cfa993d51,0,12058700000.0,,0,2,,0.0,0.0,-5
0000002969-26-000008,Assets,us-gaap/2025,20250930,0,USD,0xc6d9c0a321d761fdad539d8945f818f4,0,6712200000.0,,0,2,,0.0,0.0,-5
0000002969-26-000008,Assets,us-gaap/2025,20250930,0,USD,0xcd723312df0be144c67d81ba6f7cfb7d,0,7134700000.0,,0,2,,0.0,0.0,-5
0000002969-26-000008,Assets,us-gaap/2025,20250930,0,USD,0xcd723312df0be144c67d81ba6f7cfb7d,1,7134700000.0,,0,2,,0.0,0.0,-5
0000002969-26-000008,Assets,us-gaap/2025,20250930,0,USD,0xdb96430561c693d2c442b30fac87758a,0,41059500000.0,,0,1,,0.0,0.0,-5
0000002969-26-000008,Assets,us-gaap/2025,20250930,0,USD,0xe1dfc67a60b0985631d97770d5375429,0,4452400000.0,,0,2,,0.0,0.0,-5
0000002969-26-000008,Assets,us-gaap/2025,20251231,0,USD,0x00000000,0,41240700000.0,,0,0,,0.0,0.0,-5
0000002969-26-000008,Assets,us-gaap/2025,20251231,0,USD,0x36df4e7b2d8280f9c66c37d201764c83,0,7086500000.0,,0,2,,0.0,0.0,-5
0000002969-26-000008,Assets,us-gaap/2025,20251231,0,USD,0x5c5ad047cc86e029db940a5bb4f43886,0,11313500000.0,,0,2,,0.0,0.0,-5
0000002969-26-000008,Assets,us-gaap/2025,20251231,0,USD,0x66e7ae470cc95e613d8d710cfa993d51,0,12447200000.0,,0,2,,0.0,0.0,-5
0000002969-26-000008,Assets,us-gaap/2025,20251231,0,USD,0xc6d9c0a321d761fdad539d8945f818f4,0,6766200000.0,,0,2,,0.0,0.0,-5
0000002969-26-000008,Assets,us-gaap/2025,20251231,0,USD,0xcd723312df0be144c67d81ba6f7cfb7d,0,7684600000.0,,0,2,,0.0,0.0,-5
0000002969-26-000008,Assets,us-gaap/2025,20251231,0,USD,0xcd723312df0be144c67d81ba6f7cfb7d,1,7684600000.0,,0,2,,0.0,0.0,-5
0000002969-26-000008,Assets,us-gaap/2025,20251231,0,USD,0xdb96430561c693d2c442b30fac87758a,0,41240700000.0,,0,1,,0.0,0.0,-5
0000002969-26-000008,Assets,us-gaap/2025,20251231,0,USD,0xe1dfc67a60b0985631d97770d5375429,0,3627300000.0,,0,2,,0.0,0.0,-5
0000002969-26-000008,AssetsCurrent,us-gaap/2025,20250930,0,USD,0x00000000,0,5825800000.0,,0,0,,0.0,0.0,-5
0000002969-26-000008,AssetsCurrent,us-gaap/2025,20250930,0,USD,0xcd723312df0be144c67d81ba6f7cfb7d,0,169300000.0,,0,2,,0.0,0.0,-5
0000002969-26-000008,AssetsCurrent,us-gaap/2025,20251231,0,USD,0x00000000,0,5103200000.0,,0,0,,0.0,0.0,-5
0000002969-26-000008,AssetsCurrent,us-gaap/2025,20251231,0,USD,0xcd723312df0be144c67d81ba6f7cfb7d,0,281600000.0,,0,2,,0.0,0.0,-5
0000002969-26-000008,AssetsFairValueDisclosure,us-gaap/2025,20250930,0,USD,0x2977c24bdd0932ed12e8bdab0ac5507a,0,0.0,,0,2,,0.0,0.0,-5
0000002969-26-000008,AssetsFairValueDisclosure,us-gaap/2025,20250930,0,USD,0x2af191f282beda4ecf1c9d6c545d255d,0,0.0,,0,2,,0.0,0.0,-5
0000002969-26-000008,AssetsFairValueDisclosure,us-gaap/2025,20250930,0,USD,0x94adc8d2ef1ea62b51866a79644df096,0,244400000.0,,0,1,,0.0,0.0,-5
0000002969-26-000008,AssetsFairValueDisclosure,us-gaap/2025,20250930,0,USD,0xdb667150ce3868dc87c2d5ebcdb3014b,0,244400000.0,,0,2,,0.0,0.0,-5
0000002969-26-000008,AssetsFairValueDisclosure,us-gaap/2025,20251231,0,USD,0x2977c24bdd0932ed12e8bdab0ac5507a,0,0.0,,0,2,,0.0,0.0,-5
0000002969-26-000008,AssetsFairValueDisclosure,us-gaap/2025,20251231,0,USD,0x2af191f282beda4ecf1c9d6c545d255d,0,0.0,,0,2,,0.0,0.0,-5
0000002969-26-000008,AssetsFairValueDisclosure,us-gaap/2025,20251231,0,USD,0x94adc8d2ef1ea62b51866a79644df096,0,288700000.0,,0,1,,0.0,0.0,-5
0000002969-26-000008,AssetsFairValueDisclosure,us-gaap/2025,20251231,0,USD,0xdb667150ce3868dc87c2d5ebcdb3014b,0,288700000.0,,0,2,,0.0,0.0,-5
0000002969-26-000008,AssetsNoncurrent,us-gaap/2025,20250930,0,USD,0x00000000,0,35233700000.0,,0,0,,0.0,0.0,-5
0000002969-26-000008,AssetsNoncurrent,us-gaap/2025,20250930,0,USD,0xcd723312df0be144c67d81ba6f7cfb7d,0,6965400000.0,,0,2,,0.0,0.0,-5
0000002969-26-000008,AssetsNoncurrent,us-gaap/2025,20251231,0,USD,0x00000000,0,36137500000.0,,0,0,,0.0,0.0,-5
0000002969-26-000008,AssetsNoncurrent,us-gaap/2025,20251231,0,USD,0xcd723312df0be144c67d81ba6f7cfb7d,0,7403000000.0,,0,2,,0.0,0.0,-5
0000002969-26-000008,AssetsOfDisposalGroupIncludingDiscontinuedOperationCurrent,us-gaap/2025,20250930,0,USD,0x00000000,0,427700000.0,,0,0,,0.0,0.0,-5
0000002969-26-000008,AssetsOfDisposalGroupIncludingDiscontinuedOperationCurrent,us-gaap/2025,20251231,0,USD,0x00000000,0,472600000.0,,0,0,,0.0,0.0,-5
0000002969-26-000008,BusinessExitCosts1,us-gaap/2025,20251231,1,USD,0x0579b2ec001365bf5c0bac6aecbc2d75,0,6300000.0,,0,2,,0.0027400255,0.0,-5
0000002969-26-000008,BusinessExitCosts1,us-gaap/2025,20251231,1,USD,0x0a890fe8aa48244f83824fcba6b012d8,0,22000000.0,,0,2,,0.0027400255,0.0,-5
0000002969-26-000008,BusinessExitCosts1,us-gaap/2025,20251231,1,USD,0xa8372b1c9361b9eea960645682be91d5,0,28300000.0,,0,1,,0.0027400255,0.0,-5
0000002969-26-000008,BusinessExitCosts1,us-gaap/2025,20251231,3,USD,0x140c8477af4113207f1fb6ae6778fbd4,0,1900000000.0,,0,2,,-0.39725995,0.0,-8
0000002969-26-000008,BusinessExitCosts1,us-gaap/2025,20251231,3,USD,0xa8372b1c9361b9eea960645682be91d5,0,3600000000.0,,0,1,,-0.39725995,0.0,-8
0000002969-26-000008,CapitalizedContractCostNetCurrent,us-gaap/2025,20250930,0,USD,0x00000000,0,85400000.0,,0,0,,0.0,0.0,-5
0000002969-26-000008,CapitalizedContractCostNetCurrent,us-gaap/2025,20251231,0,USD,0x00000000,0,91500000.0,,0,0,,0.0,0.0,-5
0000002969-26-000008,CapitalizedContractCostNetNoncurrent,us-gaap/2025,20250930,0,USD,0x00000000,0,33800000.0,,0,0,,0.0,0.0,-5
0000002969-26-000008,CapitalizedContractCostNetNoncurrent,us-gaap/2025,20251231,0,USD,0x00000000,0,37100000.0,,0,0,,0.0,0.0,-5
0000002969-26-000008,CashAndCashEquivalentsAtCarryingValue,us-gaap/2025,20250930,0,USD,0x00000000,0,1856000000.0,,0,0,,0.0,0.0,-5
0000002969-26-000008,CashAndCashEquivalentsAtCarryingValue,us-gaap/2025,20250930,0,USD,0xcd723312df0be144c67d81ba6f7cfb7d,0,40300000.0,,0,2,,0.0,0.0,-5
0000002969-26-000008,CashAndCashEquivalentsAtCarryingValue,us-gaap/2025,20251231,0,USD,0x00000000,0,1026400000.0,,0,0,,0.0,0.0,-5
0000002969-26-000008,CashAndCashEquivalentsAtCarryingValue,us-gaap/2025,20251231,0,USD,0xcd723312df0be144c67d81ba6f7cfb7d,0,128700000.0,,0,2,,0.0,0.0,-5
0000002969-26-000008,CashCashEquivalentsRestrictedCashAndRestrictedCashEquivalentsIncludingDisposalGroupAndDiscontinuedOperations,us-gaap/2025,20240930,0,USD,0x00000000,0,2979700000.0,,0,0,,0.0,0.0,-5
0000002969-26-000008,CashCashEquivalentsRestrictedCashAndRestrictedCashEquivalentsIncludingDisposalGroupAndDiscontinuedOperations,us-gaap/2025,20241231,0,USD,0x00000000,0,1845500000.0,,0,0,,0.0,0.0,-5
0000002969-26-000008,CashCashEquivalentsRestrictedCashAndRestrictedCashEquivalentsIncludingDisposalGroupAndDiscontinuedOperations,us-gaap/2025,20250930,0,USD,0x00000000,0,1856000000.0,,0,0,,0.0,0.0,-5
0000002969-26-000008,CashCashEquivalentsRestrictedCashAndRestrictedCashEquivalentsIncludingDisposalGroupAndDiscontinuedOperations,us-gaap/2025,20251231,0,USD,0x00000000,0,1026400000.0,,0,0,,0.0,0.0,-5
