adsh,cik,name,sic,countryba,stprba,cityba,zipba,bas1,bas2,baph,countryma,stprma,cityma,zipma,mas1,mas2,countryinc,stprinc,ein,former,changed,afs,wksi,fye,form,period,fy,fp,filed,accepted,prevrpt,detail,instance,nciks,aciks,pubfloatusd,floatdate,floataxis,floatmems
0000950103-26-000052,885590,BAUSCH HEALTH COMPANIES INC.,2834.0,CA,QC,QUEBEC,H7L 4A8,2150 ST. ELZEAR BLVD. WEST,LAVAL,514-744-6792,CA,QC,QUEBEC,H7L 4A8,2150 ST. ELZEAR BLVD. WEST,LAVAL,US,NJ,0.0,"VALEANT PHARMACEUTICALS INTERNATIONAL, INC.",20100928.0,1-LAF,0,1231.0,8-K,20251231.0,,,20260102,2026-01-02 16:16:00.0,0,0,dp239511_8k_htm.xml,1,,,,,
0000950103-26-000053,1117297,"QUINSTREET, INC",7389.0,US,CA,FOSTER CITY,94404,"950 TOWER LANE, 12TH FLOOR",,(650) 578-7632,US,CA,FOSTER CITY,94404,"950 TOWER LANE, 12TH FLOOR",,,,770512121.0,QUINSTREET INC,20000627.0,1-LAF,0,630.0,8-K,20251231.0,,,20260102,2026-01-02 16:19:00.0,0,0,dp239503_8k_htm.xml,1,,,,,
0001104659-26-000204,1013871,"NRG ENERGY, INC.",4911.0,US,TX,HOUSTON,77002,910 LOUISIANA STREET,,713-537-3000,US,TX,HOUSTON,77002,910 LOUISIANA STREET,,US,DE,411724239.0,NRG ENERGY INC,19960509.0,1-LAF,0,1231.0,8-K,20251231.0,,,20260102,2026-01-02 16:16:00.0,0,0,tm261688d1_8k_htm.xml,1,,,,,
0001104659-26-000209,1855644,ZURA BIO LTD,2836.0,US,CA,LA JOLLA,92037,4225 EXECUTIVE SQUARE,SUITE 600,858-247-0520,US,CA,LA JOLLA,92037,4225 EXECUTIVE SQUARE,SUITE 600,KY,,0.0,JATT ACQUISITION CORP,20210407.0,4-NON,0,1231.0,8-K,20251231.0,,,20260102,2026-01-02 16:20:00.0,0,0,tm2531128d1_8k_htm.xml,1,,,,,
0001104659-26-000213,1825384,STONE POINT CREDIT CORP,,US,CT,GREENWICH,06830,20 HORSENECK LANE,,(203) 862-2900,US,CT,GREENWICH,06830,20 HORSENECK LANE,,US,DE,0.0,STONE POINT CAPITAL CREDIT LLC,20200918.0,4-NON,0,1231.0,8-K,20251231.0,,,20260102,2026-01-02 16:29:00.0,0,0,tm2534595d1_8k_htm.xml,1,,,,,
0001104659-26-000215,1053352,HERITAGE COMMERCE CORP,6022.0,US,CA,SAN JOSE,95110,224 AIRPORT PARKWAY,,4089476900,US,CA,SAN JOSE,95110,224 AIRPORT PARKWAY,,US,CA,770469558.0,,,2-ACC,0,1231.0,8-K,20251231.0,,,20260102,2026-01-02 16:31:00.0,0,0,tm2534506d1_8k_htm.xml,1,,,,,
0001104659-26-000197,1847367,ALUMIS INC.,2834.0,US,CA,SOUTH SAN FRANCISCO,94080,280 EAST GRAND AVENUE,,650-231-6625,US,CA,SOUTH SAN FRANCISCO,94080,280 EAST GRAND AVENUE,,US,DE,0.0,"ESKER THERAPEUTICS, INC.",20230427.0,4-NON,0,1231.0,8-K,20251231.0,,,20260102,2026-01-02 16:06:00.0,0,0,tm2534587d2_8k_htm.xml,1,,,,,
0001104659-26-000083,1746109,BANK FIRST CORP,6021.0,US,WI,MANITOWOC,54220,402 NORTH EIGHTH STREET,,920-652-3100,US,WI,MANITOWOC,54220,402 NORTH EIGHTH STREET,,US,WI,391435359.0,BANK FIRST NATIONAL CORP,20180711.0,1-LAF,0,1231.0,8-K,20251231.0,,,20260102,2026-01-02 09:31:00.0,0,0,tm2534457d1_8k_htm.xml,1,,,,,
0001104659-26-000076,1708527,ELUTIA INC.,2836.0,US,MD,SILVER SPRING,20904,12510 PROSPERITY DRIVE,SUITE 370,240-247-1143,US,MD,SILVER SPRING,20904,12510 PROSPERITY DRIVE,SUITE 370,US,DE,474790334.0,"AZIYO BIOLOGICS, INC.",20170605.0,4-NON,0,1231.0,8-K,20251231.0,,,20260102,2026-01-02 08:45:00.0,0,0,elut-20251223x8k_htm.xml,1,,,,,
0001104659-26-000068,1735438,MEIRAGTX HOLDINGS PLC,2836.0,US,NY,NEW YORK,10017,655 THIRD AVENUE,SUITE 1115,646-860-7985,US,NY,NEW YORK,10017,655 THIRD AVENUE,SUITE 1115,,,981448305.0,,,4-NON,0,1231.0,8-K,20251231.0,,,20260102,2026-01-02 08:02:00.0,0,0,mgtx-20251231x8k_htm.xml,1,,,,,
0001104659-26-000066,1649989,"OUTLOOK THERAPEUTICS, INC.",2836.0,US,NJ,ISELIN,08830,111 S. WOOD AVENUE,UNIT #100,6096193990,US,NJ,ISELIN,08830,111 S. WOOD AVENUE,UNIT #100,US,DE,383982704.0,"ONCOBIOLOGICS, INC.",20150804.0,4-NON,0,930.0,8-K,20251231.0,,,20260102,2026-01-02 07:31:00.0,0,0,tm2534608d1_8k_htm.xml,1,,,,,
0001104659-26-000057,1446847,IRONWOOD PHARMACEUTICALS INC,2834.0,US,MA,BOSTON,02110,"100 SUMMER STREET, SUITE 2300",,617-621-7722,US,MA,BOSTON,02110,"100 SUMMER STREET, SUITE 2300",,US,DE,43404176.0,,,1-LAF,0,1231.0,8-K,20251231.0,,,20260102,2026-01-02 07:06:00.0,0,0,tm2534554d1_8k_htm.xml,1,,,,,
0001104659-26-000056,1616543,"SENSEONICS HOLDINGS, INC.",3823.0,US,MD,GERMANTOWN,20876,20451 SENECA MEADOWS PARKWAY,,(301) 515-7260,US,MD,GERMANTOWN,20876,20451 SENECA MEADOWS PARKWAY,,US,DE,471210911.0,"ASN TECHNOLOGIES, INC.",20140813.0,4-NON,0,1231.0,8-K,20251231.0,,,20260102,2026-01-02 07:01:00.0,0,0,tm261636d1_8k_htm.xml,1,,,,,
0001104659-26-000040,1526113,"GLOBAL NET LEASE, INC.",6798.0,US,NY,NEW YORK,10019,650 FIFTH AVE,30TH FLOOR,(332) 265-2020,US,NY,NEW YORK,10019,650 FIFTH AVE,30TH FLOOR,US,NY,452771978.0,"AMERICAN REALTY CAPITAL GLOBAL TRUST, INC.",20120810.0,1-LAF,0,1231.0,8-K,20251231.0,,,20260102,2026-01-02 06:16:00.0,0,0,tm2534241d1_8k_htm.xml,1,,,,,
0001104659-26-000016,22356,COMMERCE BANCSHARES INC /MO/,6022.0,US,MO,KANSAS CITY,64106,1000 WALNUT,,8162342000,US,MO,KANSAS CITY,64141-6248,P O BOX 419248,,US,MO,430889454.0,,,1-LAF,0,1231.0,8-K,20251231.0,,,20260102,2026-01-02 06:02:00.0,0,0,tm2534427d1_8k_htm.xml,1,,,,,
0001070412-26-000004,1070412,CNX RESOURCES CORP,1311.0,US,PA,CANONSBURG,15317,CNX CENTER,1000 HORIZON VUE DRIVE,724-485-4000,US,PA,CANONSBURG,15317,CNX CENTER,1000 HORIZON VUE DRIVE,US,DE,510337383.0,CONSOL ENERGY INC,20090303.0,1-LAF,0,1231.0,8-K,20251231.0,,,20260102,2026-01-02 16:36:00.0,0,0,cnx-20260102_htm.xml,1,,,,,
0000950157-25-001042,916076,MARTIN MARIETTA MATERIALS INC,1400.0,US,NC,RALEIGH,27612,4123 PARKLAKE AVE,,919-781-4550,US,NC,RALEIGH,27612,4123 PARKLAKE AVE,,US,NC,561848578.0,,,1-LAF,0,1231.0,8-K,20251231.0,,,20260102,2025-12-31 18:11:00.0,0,0,form8-k_htm.xml,1,,,,,
0000950142-26-000006,26780,DANA INC,3714.0,US,OH,MAUMEE,43537,3939 TECHNOLOGY DRIVE,,419-887-3000,US,OH,MAUMEE,43537,PO BOX 1000,,US,DE,261531856.0,DANA INC,20160729.0,1-LAF,0,1231.0,8-K,20251231.0,,,20260102,2026-01-02 16:48:00.0,0,0,eh260721543_8k_htm.xml,1,,,,,
0000950103-26-000051,1860742,BAUSCH & LOMB CORP,3851.0,CA,ON,VAUGHAN,L4K 4B4,520 APPLEWOOD CRESCENT,,908-541-5456,CA,ON,VAUGHAN,L4K 4B4,520 APPLEWOOD CRESCENT,,,,0.0,,,1-LAF,0,1231.0,8-K,20251231.0,,,20260102,2026-01-02 16:11:00.0,0,0,dp239510_8k_htm.xml,1,,,,,
0001140361-26-000211,1133062,JANEL CORP,7389.0,US,NY,NEW YORK,10011,80 EIGHTH AVENUE,,718-527-3800,US,NY,NEW YORK,10011,80 EIGHTH AVENUE,,US,NV,861005291.0,JANEL WORLD TRADE LTD,20020730.0,4-NON,0,930.0,8-K,20251231.0,,,20260102,2026-01-02 17:01:00.0,0,0,ef20062222_8k_htm.xml,1,,,,,
0001140361-26-000218,1966394,FORTRESS NET LEASE REIT,6798.0,US,NY,NEW YORK,10105,1345 AVENUE OF THE AMERICAS,,212-798-6100,US,NY,NEW YORK,10105,1345 AVENUE OF THE AMERICAS,,US,MD,921937121.0,,,4-NON,0,1231.0,8-K,20251231.0,,,20260102,2026-01-02 17:11:00.0,0,0,ef20062310_8k_htm.xml,1,,,,,
0000753308-26-000004,753308,NEXTERA ENERGY INC,4911.0,US,FL,JUNO BEACH,33408,700 UNIVERSE BLVD,,561-694-4697,US,FL,JUNO BEACH,33408,P O BOX 14000,,US,FL,592449419.0,FPL GROUP INC,19920703.0,1-LAF,0,1231.0,8-K,20251231.0,,,20260102,2026-01-02 16:32:00.0,0,0,nee-20260102_htm.xml,1,,,,,
0000081061-26-000003,81061,PUBLIX SUPER MARKETS INC,5411.0,US,FL,LAKELAND,33811,3300 PUBLIX CORPORATE PARKWAY,,863-688-1188,US,FL,LAKELAND,33811,3300 PUBLIX CORPORATE PARKWAY,,US,FL,590324412.0,,,4-NON,0,1231.0,8-K,20251231.0,,,20260102,2026-01-02 15:45:00.0,0,0,ck0000081061-20260101_htm.xml,1,,,,,
0000072903-26-000002,72903,XCEL ENERGY INC,4931.0,US,MN,MINNEAPOLIS,55401,414 NICOLLET MALL,,6123305500,US,MN,MINNEAPOLIS,55401,414 NICOLLET MALL,,US,MN,410448030.0,NORTHERN STATES POWER CO /MN/,19920703.0,1-LAF,0,1231.0,8-K,20251231.0,,,20260102,2026-01-02 09:37:00.0,0,0,xel-20251229_htm.xml,2,81018,,,,
0000063754-26-000003,63754,MCCORMICK & CO INC,2090.0,US,MD,HUNT VALLEY,21031,24 SCHILLING ROAD,SUITE 1,4107717301,US,MD,HUNT VALLEY,21031,24 SCHILLING ROAD,SUITE 1,US,MD,520408290.0,MCCORMICK & CO,19660620.0,1-LAF,0,1130.0,8-K,20251231.0,,,20260102,2026-01-02 16:04:00.0,0,0,mkc-20260102_htm.xml,1,,,,,
0001185185-26-000011,1077688,HOOKER FURNISHINGS CORP,2510.0,US,VA,MARTINSVILLE,24115,440 E COMMONWEALTH BLVD,POB 4708,2766322133,US,VA,MARTINSVILLE,24115,440 E COMMONWEALTH BLVD,POB 4708,US,VA,540251350.0,HOOKER FURNITURE CORP,19990128.0,2-ACC,0,131.0,8-K,20251231.0,,,20260102,2026-01-02 16:03:00.0,0,0,hoft8k010226_htm.xml,1,,,,,
0001104659-26-000235,883902,"CORNERSTONE BUILDING BRANDS, INC.",3448.0,US,NC,CARY,27513,5020 WESTON PARKWAY,SUITE 400,(888) 975-9436,US,NC,CARY,27513,5020 WESTON PARKWAY,SUITE 400,US,DE,760127701.0,NCI BUILDING SYSTEMS INC,19930328.0,4-NON,0,1231.0,8-K,20251231.0,,,20260102,2026-01-02 17:01:00.0,0,0,tm2534594d1_8k_htm.xml,1,,,,,
0001104659-26-000236,1815903,"PETROS PHARMACEUTICALS, INC.",2834.0,US,NY,NEW YORK,10036,"1185 AVENUE OF THE AMERICAS, 3RD FLOOR",,973-242-0005,US,NY,NEW YORK,10036,"1185 AVENUE OF THE AMERICAS, 3RD FLOOR",,US,DE,851410058.0,,,4-NON,0,1231.0,8-K,20251231.0,,,20260102,2026-01-02 17:01:00.0,0,0,tm261703d1_8k_htm.xml,1,,,,,
0001104659-26-000243,1072379,NORTHWEST BIOTHERAPEUTICS INC,2834.0,US,MD,BETHESDA,20814,4800 MONTGOMERY LANE,SUITE 800,(240) 497-9024,US,MD,BETHESDA,20814,4800 MONTGOMERY LANE,SUITE 800,US,DE,943306718.0,,,4-NON,0,1231.0,8-K,20251231.0,,,20260102,2026-01-02 17:15:00.0,0,0,tm261685d1_8k_htm.xml,1,,,,,
0001104659-26-000244,1915328,ISRAEL ACQUISITIONS CORP,6770.0,US,TX,BEE CAVE,78738,12600 HILL COUNTRY BLVD,"BUILDING R, SUITE 275",(512) 287-1871,US,TX,BEE CAVE,78738,12600 HILL COUNTRY BLVD,"BUILDING R, SUITE 275",KY,,873587394.0,,,4-NON,0,1231.0,8-K,20251231.0,,,20260102,2026-01-02 17:16:00.0,0,0,tm261722d1_8k_htm.xml,1,,,,,
0001104659-26-000247,1798562,TMC THE METALS CO INC.,1000.0,CA,BC,VANCOUVER,V6E 2J3,1111 WEST HASTINGS STREET,15TH FLOOR,888-458-3420,CA,BC,VANCOUVER,V6E 2J3,1111 WEST HASTINGS STREET,15TH FLOOR,CA,BC,0.0,SUSTAINABLE OPPORTUNITIES ACQUISITION CORP.,20200102.0,4-NON,0,1231.0,8-K,20251231.0,,,20260102,2026-01-02 17:20:00.0,0,0,tm2534530d1_8k_htm.xml,1,,,,,
0001104659-26-000248,1167419,"RIOT PLATFORMS, INC.",6199.0,US,CO,CASTLE ROCK,80109,"3855 AMBROSIA STREET, SUITE 301",,303-794-2000,US,CO,CASTLE ROCK,80109,"3855 AMBROSIA STREET, SUITE 301",,US,NV,841553387.0,"RIOT BLOCKCHAIN, INC.",20171004.0,1-LAF,0,1231.0,8-K,20251231.0,,,20260102,2026-01-02 17:23:00.0,0,0,riot-20251231x8k_htm.xml,1,,,,,
0001115055-26-000002,1115055,PINNACLE FINANCIAL PARTNERS INC,6021.0,US,TN,NASHVILLE,37203,21 PLATFORM WAY SOUTH,,6157443700,US,TN,NASHVILLE,37203,21 PLATFORM WAY SOUTH,,US,TN,621812853.0,,,1-LAF,0,1231.0,8-K,20251231.0,,,20260102,2026-01-02 06:37:00.0,0,0,pnfp-20260102_htm.xml,1,,,,,
0001140361-26-000049,18349,SYNOVUS FINANCIAL CORP,6021.0,US,GA,COLUMBUS,31901,33 W 14TH STREET,,7066416500,US,GA,COLUMBUS,31901,33 W 14TH STREET,,US,,581134883.0,CB&T BANCSHARES INC,19890912.0,1-LAF,0,1231.0,8-K,20251231.0,,,20260102,2026-01-02 06:40:00.0,0,0,ef20061823_8k_htm.xml,1,,,,,
0001140361-26-000050,2082866,"PINNACLE FINANCIAL PARTNERS, INC.",6021.0,US,GA,ATLANTA,30339,3400 OVERTON PARK DR. SE,,(706) 641-6500,US,GA,ATLANTA,30339,3400 OVERTON PARK DR. SE,,US,GA,393738880.0,STEEL NEWCO INC.,20250821.0,,0,1231.0,8-K12B,20251231.0,,,20260102,2026-01-02 06:42:00.0,0,0,ef20061822_8k12b_htm.xml,1,,,,,
0001094285-26-000004,1094285,TELEDYNE TECHNOLOGIES INC,3812.0,US,CA,THOUSAND OAKS,91360,1049 CAMINO DOS RIOS,,805-373-4545,US,CA,THOUSAND OAKS,91360,1049 CAMINO DOS RIOS,,US,DE,251843385.0,,,1-LAF,0,1231.0,8-K,20251231.0,,,20260102,2026-01-02 11:31:00.0,0,0,tdy-20251230_htm.xml,1,,,,,
0001193125-26-000920,1692115,"SOUTHWEST GAS HOLDINGS, INC.",4923.0,US,NV,LAS VEGAS,89113,C/O SOUTHWEST GAS CORPORATION,8360 S. DURANGO DRIVE,702-876-7237,US,NV,LAS VEGAS,89113,C/O SOUTHWEST GAS CORPORATION,8360 S. DURANGO DRIVE,US,DE,813881866.0,,,1-LAF,0,1231.0,8-K,20251231.0,,,20260102,2026-01-02 16:05:00.0,0,0,d69496d8k_htm.xml,1,,,,,
0001140361-26-000149,785956,J&J SNACK FOODS CORP,2052.0,US,NJ,MOUNT LAUREL,08054,350 FELLOWSHIP ROAD,SUITE 100,6096659533,US,NJ,MOUNT LAUREL,08054,350 FELLOWSHIP ROAD,SUITE 100,US,NJ,221935537.0,,,1-LAF,0,930.0,DEF 14A,20260131.0,,,20260102,2026-01-02 12:15:00.0,0,0,ny20057911x1_def14a_htm.xml,1,,,,,
0001140361-26-000196,810136,PHOTRONICS INC,3674.0,US,CT,BROOKFIELD,06804,15 SECOR ROAD,PO BOX 5226,2037759000,US,CT,BROOKFIELD,06804,15 SECOR ROAD,P O BOX 5226,US,CT,60854886.0,PHOTRONIC LABS INC,19900514.0,1-LAF,0,1031.0,8-K,20251231.0,,,20260102,2026-01-02 16:16:00.0,0,0,ef20062241_8k_htm.xml,1,,,,,
0001140361-26-000199,320193,APPLE INC,3571.0,US,CA,CUPERTINO,95014,ONE APPLE PARK WAY,,(408) 996-1010,US,CA,CUPERTINO,95014,ONE APPLE PARK WAY,,US,CA,942404110.0,APPLE INC,20070109.0,1-LAF,0,930.0,8-K,20251231.0,,,20260102,2026-01-02 16:31:00.0,0,0,ef20060722_8k_htm.xml,1,,,,,
0001193125-26-000953,1529864,"ENOVA INTERNATIONAL, INC.",6141.0,US,IL,CHICAGO,60604,175 WEST JACKSON BLVD.,SUITE 600,312-568-4200,US,IL,CHICAGO,60604,175 WEST JACKSON BLVD.,SUITE 600,US,DE,453190813.0,,,1-LAF,0,1231.0,8-K/A,20250731.0,,,20260102,2026-01-02 16:21:00.0,0,0,enva-20250724_htm.xml,1,,,,,
0000911147-26-000003,911147,CENTURY CASINOS INC /CO/,7011.0,US,CO,COLORADO SPRINGS,80903,455 E. PIKES PEAK AVE,SUITE 210,719-527-8300,US,CO,COLORADO SPRINGS,80903,455 E. PIKES PEAK AVE,SUITE 210,US,DE,841271317.0,CENTURY CASINOS INC,19940802.0,2-ACC,0,1231.0,8-K,20251231.0,,,20260102,2026-01-02 16:26:00.0,0,0,cnty-20260101x8k_htm.xml,1,,,,,
0000898173-26-000003,898173,O REILLY AUTOMOTIVE INC,5531.0,US,MO,SPRINGFIELD,65802,233 S PATTERSON AVE,,417-829-5878,US,MO,SPRINGFIELD,65802,233 S PATTERSON AVE,,,,274358837.0,,,1-LAF,0,1231.0,8-K,20251231.0,,,20260102,2026-01-02 16:34:00.0,0,0,orly-20260102x8k_htm.xml,1,,,,,
0000708955-26-000002,708955,FIRST FINANCIAL BANCORP /OH/,6021.0,US,OH,CINCINNATI,45202,255 EAST FIFTH STREET,SUITE 900,8773229530,US,OH,CINCINNATI,45202,255 EAST FIFTH STREET,SUITE 900,US,OH,311042001.0,,,1-LAF,0,1231.0,8-K,20251231.0,,,20260102,2026-01-02 08:32:00.0,0,0,ffbc-20251231_htm.xml,1,,,,,
0000706129-26-000003,706129,HORIZON BANCORP INC /IN/,6022.0,US,IN,MICHIGAN CITY,46360,515 FRANKLIN STREET,,2198790211,US,IN,MICHIGAN CITY,46360,515 FRANKLIN STREET,,US,IN,351562417.0,HORIZON BANCORP /IN/,19920703.0,2-ACC,0,1231.0,8-K,20251231.0,,,20260102,2026-01-02 16:05:00.0,0,0,hbnc-20260102_htm.xml,1,,,,,
0001193125-26-000998,2032966,"TIC SOLUTIONS, INC.",7389.0,US,FL,HOLLYWOOD,33021,200 SOUTH PARK ROAD,SUITE 350,954-495-2112,US,FL,HOLLYWOOD,33021,200 SOUTH PARK ROAD,SUITE 350,US,DE,0.0,ACUREN CORP,20240806.0,4-NON,0,1231.0,8-K,20251231.0,,,20260102,2026-01-02 16:47:00.0,0,0,tic-20251231_htm.xml,1,,,,,
0001193125-26-001003,1889956,"ONESTREAM, INC.",7372.0,US,MI,BIRMINGHAM,48009,191 N. CHESTER STREET,,(248) 650-1490,US,MI,BIRMINGHAM,48009,191 N. CHESTER STREET,,,,873199478.0,,,4-NON,0,1231.0,8-K/A,20251130.0,,,20260102,2026-01-02 16:50:00.0,0,0,ck0001889956-20251125_htm.xml,1,,,,,
0000357173-26-000005,357173,OLD SECOND BANCORP INC,6022.0,US,IL,AURORA,60507,37 S RIVER ST,,6308920202,US,IL,AURORA,60507,37 SOUTH RIVER STREET,,US,DE,363143493.0,,,2-ACC,0,1231.0,8-K,20251231.0,,,20260102,2026-01-02 14:15:00.0,0,0,osbc-20260102x8k_htm.xml,1,,,,,
0000320121-26-000004,320121,TELOS CORP,7373.0,US,VA,ASHBURN,20147,19886 ASHBURN ROAD,,7034716000,US,VA,ASHBURN,20147,19886 ASHBURN ROAD,,US,MD,520880974.0,C3 INC,19920703.0,2-ACC,0,1231.0,8-K,20251231.0,,,20260102,2026-01-02 16:07:00.0,0,0,tls-20251230_htm.xml,1,,,,,
0001185185-26-000009,1864531,"VSEE HEALTH, INC.",8000.0,US,FL,BOCA RATON,33432,980 N FEDERAL HWY,#304,5616727068,US,FL,BOCA RATON,33432,980 N FEDERAL HWY,#304,US,DE,862970927.0,DIGITAL HEALTH ACQUISITION CORP.,20210526.0,4-NON,0,1231.0,8-K,20251231.0,,,20260102,2026-01-02 16:01:00.0,0,0,vsee8k010226_htm.xml,1,,,,,
0001185185-26-000010,1326205,"IGC PHARMA, INC.",2834.0,US,MD,POTOMAC,20854,10224 FALLS ROAD,,301-529-4996,US,MD,POTOMAC,20854,10224 FALLS ROAD,,US,MD,202760393.0,"INDIA GLOBALIZATION CAPITAL, INC.",20050505.0,4-NON,0,1231.0,8-K,20251231.0,,,20260102,2026-01-02 16:02:00.0,0,0,igc8k010226_htm.xml,1,,,,,
0001193125-26-001072,2011498,AGL PRIVATE CREDIT INCOME FUND,,US,NY,NEW YORK,10022,C/O AGL 535 MADISON AVENUE,24TH FLOOR,212-973-8600,US,NY,NEW YORK,10022,C/O AGL 535 MADISON AVENUE,24TH FLOOR,US,DE,0.0,AGL PRIVATE CREDIT INCOME FUND LP,20240209.0,4-NON,0,1231.0,8-K,20251231.0,,,20260102,2026-01-02 17:14:00.0,0,0,d34454d8k_htm.xml,1,,,,,
0001193125-26-000263,315293,AON PLC,6411.0,IE,,DUBLIN 2,D02 VR98,15 GEORGES QUAY,,35312666000,IE,,DUBLIN 2,D02 VR98,15 GEORGES QUAY,,IE,,981539969.0,AON CORP,19920703.0,1-LAF,0,1231.0,8-K,20251231.0,,,20260102,2026-01-02 08:00:00.0,0,0,d44673d8k_htm.xml,1,,,,,
0001193125-26-000264,1050446,STRATEGY INC,6199.0,US,VA,TYSONS CORNER,22182,1850 TOWERS CRESCENT PLAZA,,703-848-8600,US,VA,TYSONS CORNER,22182,1850 TOWERS CRESCENT PLAZA,,US,DE,510323571.0,MICROSTRATEGY INC,20180821.0,1-LAF,0,630.0,8-K,20251231.0,,,20260102,2026-01-02 08:00:00.0,0,0,mstr-20251117_htm.xml,1,,,,,
0001193125-26-000343,1411207,ALLISON TRANSMISSION HOLDINGS INC,3714.0,US,IN,INDIANAPOLIS,46222,ONE ALLISON WAY,,(317) 242-5000,US,IN,Indianapolis,46222,ONE ALLISON WAY,,US,DE,0.0,,,1-LAF,0,1231.0,8-K,20251231.0,,,20260102,2026-01-02 08:55:00.0,0,0,d97247d8k_htm.xml,1,,,,,
0001193125-26-000389,1330399,FEDERAL HOME LOAN BANK OF PITTSBURGH,6111.0,US,PA,PITTSBURGH,15219,"301 GRANT STREET, SUITE 2000",,412-288-3400,US,PA,PITTSBURGH,15219,"301 GRANT STREET, SUITE 2000",,US,PA,0.0,,,4-NON,0,1231.0,8-K,20251231.0,,,20260102,2026-01-02 09:37:00.0,0,0,ck0001330399-20251230_htm.xml,1,,,,,
0001193125-26-000512,1635327,FLUTTER ENTERTAINMENT PLC,7370.0,US,NY,NEW YORK,10010,ONE MADISON AVENUE,,353872641566,US,NY,NEW YORK,10010,ONE MADISON AVENUE,,IE,,0.0,STARS GROUP INC.,20170731.0,4-NON,0,1231.0,8-K,20251231.0,,,20260102,2026-01-02 11:15:00.0,0,0,d57778d8k_htm.xml,1,,,,,
0001193125-26-000905,1817229,VOR BIOPHARMA INC.,2836.0,US,MA,BOSTON,02116,500 BOYLSTON STREET,SUITE 1350,617-655-6580,US,MA,BOSTON,02116,500 BOYLSTON STREET,SUITE 1350,,,811591163.0,,,4-NON,0,1231.0,8-K,20251231.0,,,20260102,2026-01-02 16:02:00.0,0,0,vor-20251231_htm.xml,1,,,,,
0001213900-26-000081,1646188,ONDAS HOLDINGS INC.,3663.0,US,FL,WEST PALM BEACH,33401,222 LAKEVIEW AVENUE,SUITE 800,6314187044,US,FL,WEST PALM BEACH,33401,222 LAKEVIEW AVENUE,SUITE 800,US,NV,0.0,ZEV VENTURES INC.,20150624.0,4-NON,0,1231.0,8-K,20251231.0,,,20260102,2026-01-02 08:16:00.0,0,0,ea0271424-8k_ondas_htm.xml,1,,,,,
0001213900-26-000083,1646188,ONDAS HOLDINGS INC.,3663.0,US,FL,WEST PALM BEACH,33401,222 LAKEVIEW AVENUE,SUITE 800,6314187044,US,FL,WEST PALM BEACH,33401,222 LAKEVIEW AVENUE,SUITE 800,US,NV,0.0,ZEV VENTURES INC.,20150624.0,4-NON,0,1231.0,8-K,20251231.0,,,20260102,2026-01-02 08:42:00.0,0,0,ea0271352-8k_ondas_htm.xml,1,,,,,
0001213900-26-000118,2088325,ONEIM ACQUISITION CORP.,6770.0,US,NY,NEW YORK,10022,"390 PARK AVE., 11TH FLOOR",,646-222-9570,US,NY,NEW YORK,10022,"390 PARK AVE., 11TH FLOOR",,KY,,0.0,,,4-NON,0,1231.0,S-1/A,,,,20260102,2026-01-02 10:09:00.0,0,0,ea0260283-03_htm.xml,1,,,,,
0001213900-26-000442,1905956,TREASURE GLOBAL INC,7389.0,US,NY,NEW YORK,10001,276 5TH AVENUE,SUITE 704 #739,6012 643 7688,US,NY,NEW YORK,10001,276 5TH AVENUE,SUITE 704 #739,US,DE,364965082.0,,,4-NON,0,630.0,8-K,20251231.0,,,20260102,2026-01-02 16:00:00.0,0,0,ea0271520-8k_treasure_htm.xml,1,,,,,
0001213900-26-000445,1464790,"BRC GROUP HOLDINGS, INC.",6282.0,US,CA,LOS ANGELES,90025,11100 SANTA MONICA BLVD,SUITE 800,818-884-3737,US,CA,LOS ANGELES,90025,11100 SANTA MONICA BLVD,SUITE 800,US,DE,270223495.0,"B. RILEY FINANCIAL, INC.",20141104.0,2-ACC,0,1231.0,8-K,20251231.0,,,20260102,2026-01-02 16:02:00.0,0,0,ea0270948-8k_brcgroup_htm.xml,1,,,,,
0001213900-26-000451,1805521,FARADAY FUTURE INTELLIGENT ELECTRIC INC.,3711.0,US,NY,NEW YORK,10065,"654 MADISON AVENUE, SUITE 1009",,646 502 9845,US,NY,NEW YORK,10065,"654 MADISON AVENUE, SUITE 1009",,US,DE,844720320.0,PROPERTY SOLUTIONS ACQUISITION CORP.,20200304.0,4-NON,0,1231.0,8-K,20251231.0,,,20260102,2026-01-02 16:11:00.0,0,0,ea0271510-8k_faraday_htm.xml,1,,,,,
0001213900-26-000464,1894525,"APIMEDS PHARMACEUTICALS US, INC.",2834.0,US,NJ,MATAWAN,07747,100 MATAWAN RD,SUITE 325,848-201-5010,US,NJ,MATAWAN,07747,100 MATAWAN RD,SUITE 325,US,DE,851099700.0,,,4-NON,0,1231.0,8-K,20251231.0,,,20260102,2026-01-02 16:31:00.0,0,0,ea0271636-8k_apimeds_htm.xml,1,,,,,
0001213900-26-000491,1649363,ABS LONG/SHORT STRATEGIES FUND,,US,WI,MILWAUKEE,53212,235 WEST GALENA STREET,,414-299-2000,US,WI,MILWAUKEE,53212,235 WEST GALENA STREET,,US,DE,0.0,ABS GLOBAL EQUITY LONG/SHORT RIC,20150728.0,,0,430.0,N-CSRS,20251031.0,,,20260102,2026-01-02 16:58:00.0,0,0,ea0269754-01_ncsrs_htm.xml,1,,,,,
0001213900-26-000494,1837254,FUNCTIONAL BRANDS INC.,2833.0,US,CA,WEST HOLLYWOOD,90069,8605 SANTA MONICA BLVD,,7789383367,US,CA,WEST HOLLYWOOD,90069,8605 SANTA MONICA BLVD,,US,DE,854094332.0,HT NATURALS CORP.,20201218.0,4-NON,0,1231.0,8-K,20251231.0,,,20260102,2026-01-02 17:00:00.0,0,0,ea0271440-8k_functional_htm.xml,1,,,,,
0001108426-26-000002,1108426,TXNM ENERGY INC,4911.0,US,NM,ALBUQUERQUE,87102-3289,414 SILVER AVE. SW,,5052412700,US,NM,ALBUQUERQUE,87102-3289,414 SILVER AVE. SW,ATTN: MS 1045 - ROBERT BISCHOFF,US,NM,850019030.0,PNM RESOURCES INC,20010618.0,1-LAF,0,1231.0,8-K,20251231.0,,,20260102,2026-01-02 07:38:00.0,0,0,pnm-20260102_htm.xml,1,,,,,
0001193125-26-000907,1604464,"ATARA BIOTHERAPEUTICS, INC.",2836.0,US,CA,THOUSAND OAKS,91320,1280 RANCHO CONEJO BLVD,,805-623-4211,US,CA,THOUSAND OAKS,91320,1280 RANCHO CONEJO BLVD,,US,DE,460920988.0,,,4-NON,0,1231.0,8-K,20251231.0,,,20260102,2026-01-02 16:01:00.0,0,0,d90230d8k_htm.xml,1,,,,,
0001193125-26-000908,1011006,ALTABA INC.,7373.0,US,TX,DRIPPING SPRINGS,78620,P.O. BOX 402,,(646) 679-2000,US,TX,DRIPPING SPRINGS,78620,P.O. BOX 402,,US,DE,770398689.0,YAHOO INC,19960320.0,,0,1231.0,8-K,20251231.0,,,20260102,2026-01-02 16:01:00.0,0,0,d31962d8k_htm.xml,1,,,,,
0001193125-26-000916,1840229,"MINK THERAPEUTICS, INC.",2836.0,US,NY,NEW YORK,10010,149 FIFTH AVENUE,SUITE 500,212-994-8250,US,NY,NEW YORK,10010,149 FIFTH AVENUE,SUITE 500,US,DE,0.0,"AGENTUS THERAPEUTICS, INC.",20210112.0,4-NON,0,1231.0,8-K,20251231.0,,,20260102,2026-01-02 16:05:00.0,0,0,inkt-20251229_htm.xml,1,,,,,
0001193125-26-000921,924383,GENASYS INC.,3651.0,US,CA,SAN DIEGO,92127,16262 WEST BERNARDO DRIVE,,858-676-1112,US,CA,SAN DIEGO,92127,16262 WEST BERNARDO DRIVE,,US,DE,870361799.0,LRAD CORP,20100326.0,4-NON,0,930.0,8-K,20251231.0,,,20260102,2026-01-02 16:06:00.0,0,0,gnss-20251224_htm.xml,1,,,,,
0001193125-26-000937,63296,MATTHEWS INTERNATIONAL CORP,3360.0,US,PA,PITTSBURGH,15212-5851,TWO NORTHSHORE CENTER,,4124428200,US,PA,PITTSBURGH,15212-5851,TWO NORTHSHORE CENTER,,US,PA,250644320.0,MATTHEWS JAMES H & CO,19780823.0,1-LAF,0,930.0,PREC14A,,,,20260102,2026-01-02 16:16:00.0,0,0,d561952dprec14a_htm.xml,1,,,,,
0001193125-26-000952,1836981,"BIGBEAR.AI HOLDINGS, INC.",7372.0,US,VA,MCLEAN,22102,7950 JONES BRANCH DRIVE,,(410) 967-0335,US,VA,MCLEAN,22102,7950 JONES BRANCH DRIVE,,US,DE,854164597.0,"GIGCAPITAL4, INC.",20201217.0,2-ACC,0,1231.0,8-K,20251231.0,,,20260102,2026-01-02 16:21:00.0,0,0,d26482d8k_htm.xml,1,,,,,
0001193125-26-000968,1404281,"ELEDON PHARMACEUTICALS, INC.",2834.0,US,CA,IRVINE,92612,19800 MACARTHUR BLVD.,SUITE 250,949-238-8090,US,CA,IRVINE,92612,19800 MACARTHUR BLVD.,SUITE 250,US,DE,0.0,"NOVUS THERAPEUTICS, INC.",20170511.0,4-NON,0,1231.0,8-K,20251231.0,,,20260102,2026-01-02 16:30:00.0,0,0,eldn-20251230_htm.xml,1,,,,,
0001163370-26-000002,1163370,NORTHRIM BANCORP INC,6035.0,US,AK,ANCHORAGE,99524-1489,P O BOX 241489,,,,,,,,,US,AK,920175752.0,,,2-ACC,0,1231.0,8-K,20251231.0,,,20260102,2026-01-02 09:00:00.0,0,0,nrim-20260101_htm.xml,1,,,,,
0001193125-26-000969,1930054,BLACKSTONE PRIVATE EQUITY STRATEGIES FUND L.P.,,US,NY,NEW YORK,10154,345 PARK AVENUE,40TH FLOOR,2125835000,US,NY,NEW YORK,10154,345 PARK AVENUE,40TH FLOOR,US,DE,0.0,,,4-NON,0,1231.0,8-K,20251231.0,,,20260102,2026-01-02 16:31:00.0,0,0,d73301d8k_htm.xml,2,1953940,,,,
0001193125-26-000973,2030772,BLACKSTONE INFRASTRUCTURE STRATEGIES L.P.,6282.0,US,NY,NEW YORK,10154,"345 PARK AVENUE, 16TH FLOOR",,212-583-5000,US,NY,NEW YORK,10154,"345 PARK AVENUE, 16TH FLOOR",,US,DE,0.0,,,4-NON,0,1231.0,8-K,20251231.0,,,20260102,2026-01-02 16:31:00.0,0,0,d61856d8k_htm.xml,1,,,,,
0001171843-26-000009,700565,"FIRST MID BANCSHARES, INC.",6022.0,US,IL,MATTOON,61938,1515 CHARLESTON AVE,PO BOX 499,2172347454,US,IL,MATTOON,61938,1515 CHARLESTON AVENUE,PO BOX 499,US,DE,371103704.0,FIRST MID ILLINOIS BANCSHARES INC,20040326.0,1-LAF,0,1231.0,8-K,20251231.0,,,20260102,2026-01-02 12:43:00.0,0,0,f8k_010226_htm.xml,1,,,,,
0001193125-26-000994,1861107,"CERIBELL, INC.",3845.0,US,CA,SUNNYVALE,94085,360 N. PASTORIA AVENUE,,(800) 436-0826,US,CA,SUNNYVALE,94085,360 N. PASTORIA AVENUE,,US,DE,471785452.0,,,4-NON,0,1231.0,8-K,20251231.0,,,20260102,2026-01-02 16:45:00.0,0,0,cbll-20251230_htm.xml,1,,,,,
0001193125-26-001005,1068851,PROSPERITY BANCSHARES INC,6022.0,US,TX,HOUSTON,77027,4295 SAN FELIPE,,7136939300,US,TX,HOUSTON,77027,4295 SAN FELIPE,,US,TX,742331986.0,,,1-LAF,0,1231.0,8-K,20251231.0,,,20260102,2026-01-02 16:50:00.0,0,0,pb-20260102_htm.xml,1,,,,,
0001398344-26-000054,826020,SABA CAPITAL INCOME & OPPORTUNITIES FUND,,US,NY,NEW YORK,10174,405 LEXINGTON AVENUE,58TH FLOOR,212-542-3610,US,NY,NEW YORK,10174,"405 LEXINGTON AVENUE, 58TH FLOOR","C/O SABA CAPITAL MANAGEMENT, L.P.",US,MA,956874587.0,VOYA PRIME RATE TRUST,20140421.0,,0,1031.0,N-CSR,20251031.0,,,20260102,2026-01-02 16:34:00.0,0,0,fp0096546-1_ncsrixbrl_htm.xml,1,,,,,
0001398344-26-000055,828803,SABA CAPITAL INCOME & OPPORTUNITIES FUND II,,US,FL,FORT LAUDERDALE,33301-1923,300 S.E. 2ND STREET,,9545277500,US,FL,FORT LAUDERDALE,33301-1923,300 S.E. 2ND STREET,,US,FL,222864496.0,TEMPLETON GLOBAL INCOME FUND,20041029.0,,0,1231.0,N-CSR,20251031.0,,,20260102,2026-01-02 16:39:00.0,0,0,fp0096547-1_ncsrixbrl_htm.xml,1,,,,,
0001193125-26-001065,1858848,"TENAYA THERAPEUTICS, INC.",2836.0,US,CA,SOUTH SAN FRANCISCO,94080,"171 OYSTER POINT BLVD., SUITE 500",,415-865-2066,US,CA,SOUTH SAN FRANCISCO,94080,"171 OYSTER POINT BLVD., SUITE 500",,US,DE,813789973.0,,,4-NON,0,1231.0,8-K,20251231.0,,,20260102,2026-01-02 17:11:00.0,0,0,tnya-20251231_htm.xml,1,,,,,
0001193125-26-001069,2052568,LEGENCE CORP.,1700.0,US,CA,SAN JOSE,95133,1601 LAS PLUMAS AVENUE,,408-347-3500,US,CA,SAN JOSE,95133,1601 LAS PLUMAS AVENUE,,US,DE,0.0,,,4-NON,0,1231.0,8-K,20251231.0,,,20260102,2026-01-02 17:12:00.0,0,0,d80346d8k_htm.xml,1,,,,,
0001193125-26-001070,1646614,SILVER POINT SPECIALTY LENDING FUND,,US,CT,GREENWICH,06830,2 GREENWICH PLAZA,FIRST FLOOR,203-542-4100,US,CT,GREENWICH,06830,2 GREENWICH PLAZA,FIRST FLOOR,US,MD,471577585.0,"SILVER POINT SPECIALTY CREDIT FUND, L.P.",20150629.0,4-NON,0,1231.0,8-K,20251231.0,,,20260102,2026-01-02 17:12:00.0,0,0,d14035d8k_htm.xml,1,,,,,
0001193125-26-000016,1227500,EQUITY BANCSHARES INC,6022.0,US,KS,WICHITA,67207,"7701 E. KELLOGG DRIVE, SUITE 300",,316-612-6000,US,KS,WICHITA,67207,"7701 E. KELLOGG DRIVE, SUITE 300",,US,KS,0.0,,,2-ACC,0,1231.0,8-K,20251231.0,,,20260102,2026-01-02 06:01:00.0,0,0,eqbk-20260102_htm.xml,1,,,,,
0001193125-26-001087,1393584,AMERICAN WELL CORP,7389.0,US,MA,BOSTON,02109,75 STATE STREET,26TH FLOOR,617-205-3500,US,MA,Boston,02109,75 STATE STREET,26TH FLOOR,US,DE,0.0,,,2-ACC,0,1231.0,8-K,20251231.0,,,20260102,2026-01-02 17:18:00.0,0,0,amwl-20251224_htm.xml,1,,,,,
0001437749-26-000084,1356093,"CREATIVE REALITIES, INC.",7373.0,US,KY,LOUISVILLE,40223,13100 MAGISTERIAL DRIVE,SUITE 102,502-791-8800,US,KY,LOUISVILLE,40223,13100 MAGISTERIAL DRIVE,SUITE 102,US,MN,411967918.0,WIRELESS RONIN TECHNOLOGIES INC,20060313.0,4-NON,0,1231.0,8-K,20251231.0,,,20260102,2026-01-02 16:06:00.0,0,0,crex20260102_8k_htm.xml,1,,,,,
0001193125-26-001098,1856725,"RANI THERAPEUTICS HOLDINGS, INC.",2834.0,US,CA,SAN JOSE,95131,2051 RINGWOOD AVENUE,,(408) 457-3700,US,CA,SAN JOSE,95131,2051 RINGWOOD AVENUE,,US,CA,0.0,,,4-NON,0,1231.0,8-K,20251231.0,,,20260102,2026-01-02 17:27:00.0,0,0,d848686d8k_htm.xml,1,,,,,
0001213900-25-127205,2028935,FACT II ACQUISITION CORP.,6770.0,US,NY,NEW YORK,10005,14 WALL STREET,20TH FLOOR,212-618-1798,US,NY,NEW YORK,10005,14 WALL STREET,20TH FLOOR,KY,,0.0,,,4-NON,0,1231.0,S-4,20250930.0,,,20260102,2025-12-31 19:53:00.0,0,1,ea0271154-01_htm.xml,1,,,,,
0001213900-25-127234,2088807,XSOLLA SPAC 1,6770.0,US,CA,SHERMAN OAKS,91403,"15260 VENTURA BOULEVARD, SUITE 2230",,877-987-9233,US,CA,SHERMAN OAKS,91403,"15260 VENTURA BOULEVARD, SUITE 2230",,KY,,0.0,,,4-NON,0,1231.0,S-1/A,,,,20260102,2025-12-31 21:56:00.0,0,0,ea0259648-02_htm.xml,1,,,,,
0001213900-25-127237,2009233,AGROZ INC.,100.0,,,PETALING JAYA,,"NO. 2, LORONG TEKNOLOGI 3/4A",TAMAN SAINS SELANGOR,60182182300,,,PETALING JAYA,,"NO. 2, LORONG TEKNOLOGI 3/4A",TAMAN SAINS SELANGOR,KY,,0.0,,,4-NON,0,1231.0,6-K,20250630.0,2025.0,Q2,20260102,2025-12-31 21:58:00.0,0,1,ea0271137-6k_agroz_htm.xml,1,,,,,
0001213900-26-000495,1529113,"XTI AEROSPACE, INC.",7371.0,US,CO,ENGLEWOOD,80112,8123 INTERPORT BLVD,SUITE C,800-680-7412,US,CO,ENGLEWOOD,80112,8123 INTERPORT BLVD,SUITE C,US,NV,880434915.0,INPIXON,20170301.0,4-NON,0,1231.0,8-K,20251231.0,,,20260102,2026-01-02 17:00:00.0,0,0,ea0271502-8k_xtiaero_htm.xml,1,,,,,
0001213900-26-000496,1558569,ISPECIMEN INC.,8731.0,US,MA,WOBURN,08101,8 CABOT ROAD,SUITE 1800,781-301-6700,US,MA,WOBURN,08101,8 CABOT ROAD,SUITE 1800,US,DE,270480143.0,,,4-NON,0,1231.0,8-K,20251231.0,,,20260102,2026-01-02 17:00:00.0,0,0,ea0271422-8k_ispecimen_htm.xml,1,,,,,
0001213900-26-000497,2066579,PRIVACORE VPC ASSET BACKED CREDIT FUND,,US,NY,NEW YORK,10018,C/O PRIVACORE CAPITAL,1411 BROADWAY,800-304-3863,US,NY,NEW YORK,10018,C/O PRIVACORE CAPITAL,1411 BROADWAY,US,DE,0.0,,,,0,331.0,424B3,,,,20260102,2026-01-02 17:01:00.0,0,0,ea0271458-01_424b3_htm.xml,1,,,,,
0001213900-26-000523,2085659,SILICON VALLEY ACQUISITION CORP.,6770.0,US,CA,PALO ALTO,94301,"228 HAMILTON AVENUE, 3RD FLOOR",,650-206-8315,US,CA,PALO ALTO,94301,"228 HAMILTON AVENUE, 3RD FLOOR",,KY,,0.0,,,4-NON,0,1231.0,8-K,20251231.0,,,20260102,2026-01-02 17:27:00.0,0,0,ea0270974-8k_silicon_htm.xml,1,,,,,
0001493152-25-029875,1263364,IDAHO COPPER CORP,1000.0,US,ID,BOISE,83702,"800 W. MAIN ST, STE 1460",,208-274-9220,US,ID,BOISE,83702,"800 W. MAIN ST, STE 1460",,US,NV,980221494.0,JOWAY HEALTH INDUSTRIES GROUP INC,20110207.0,4-NON,0,131.0,8-K,20251231.0,,,20260102,2025-12-31 18:50:00.0,0,0,form8-k_htm.xml,1,,,,,
0001493152-26-000004,1498148,ARTIFICIAL INTELLIGENCE TECHNOLOGY SOLUTIONS INC.,7372.0,US,MI,FERNDALE,48220,10800 GALAXIE AVENUE,,(877) 787-6268,US,MI,FERNDALE,48220,10800 GALAXIE AVENUE,,US,NV,272343603.0,ON THE MOVE SYSTEMS CORP.,20100803.0,4-NON,0,228.0,8-K,20251231.0,,,20260102,2026-01-02 06:03:00.0,0,0,form8-k_htm.xml,1,,,,,
0001493152-26-000017,1684688,ATLAS CRITICAL MINERALS CORP,1040.0,BR,,MINAS GERAIS,30112-010,BELO HORIZONTE,,55-31-3956-1109,BR,,MINAS GERAIS,30112-010,BELO HORIZONTE,,MH,,0.0,JUPITER GOLD CORP,20160914.0,4-NON,0,1231.0,F-1/A,20250630.0,,,20260102,2026-01-02 06:32:00.0,0,1,formf-1a_htm.xml,1,,,,,
